<?xml version="1.0"?>
<wqReady>
  <version>2.8.2.0</version>
  <packageLocation>C:\Noji\Progs\VC\QCOM\Current\QCOM\Docs\1443795.cab</packageLocation>
  <isHct>False</isHct>
  <TestVersion>1.5.7565.000</TestVersion>
  <isIntegrated>False</isIntegrated>
  <isInbox>False</isInbox>
  <osQualificationLevels>
    <osQualificationLevel name="Windows Vista Client" isDownLevel="False">Unclassified</osQualificationLevel>
    <osQualificationLevel name="Windows Vista Client x64" isDownLevel="False">Unclassified</osQualificationLevel>
    <osQualificationLevel name="Windows 7 Client" isDownLevel="False">Unclassified</osQualificationLevel>
    <osQualificationLevel name="Windows 7 Client x64" isDownLevel="False">Unclassified</osQualificationLevel>
    <osQualificationLevel name="Windows XP" isDownLevel="False">Unclassified</osQualificationLevel>
    <osQualificationLevel name="Windows 2000" isDownLevel="True">Unclassified</osQualificationLevel>
    <osQualificationLevel name="Windows XP x64" isDownLevel="True">Unclassified</osQualificationLevel>
  </osQualificationLevels>
  <submissionDetails>
    <drivers>
      <driver id="000">
        <path>C:\Noji\Progs\VC\QCOM\QCOM_drivers</path>
        <windows2000Signable>True</windows2000Signable>
        <windowsXPx86Signable>False</windowsXPx86Signable>
        <windowsXPx64Signable>True</windowsXPx64Signable>
        <locales>
          <locale>Arabic</locale>
          <locale>Arabic Lebanon</locale>
          <locale>Arabic Saudi Arabia</locale>
          <locale>Basque</locale>
          <locale>Brazilian</locale>
          <locale>Bulgarian</locale>
          <locale>Catalan</locale>
          <locale>Chinese-HongKong</locale>
          <locale>Chinese-Simplified</locale>
          <locale>Chinese-Traditional</locale>
          <locale>Croatian</locale>
          <locale>Czech</locale>
          <locale>Danish</locale>
          <locale>Dutch</locale>
          <locale>English</locale>
          <locale>English-Euro</locale>
          <locale>Estonian</locale>
          <locale>Finnish</locale>
          <locale>French</locale>
          <locale>French/Canadian</locale>
          <locale>German</locale>
          <locale>Greek</locale>
          <locale>Hebrew</locale>
          <locale>Hungarian</locale>
          <locale>Italian</locale>
          <locale>Japanese</locale>
          <locale>Korean</locale>
          <locale>Latvian</locale>
          <locale>Lithuanian</locale>
          <locale>Norwegian</locale>
          <locale>Polish</locale>
          <locale>Portuguese</locale>
          <locale>Romanian</locale>
          <locale>Russian</locale>
          <locale>Slovak</locale>
          <locale>Slovenian</locale>
          <locale>Spanish</locale>
          <locale>Swedish</locale>
          <locale>Thai</locale>
          <locale>Turkish</locale>
          <locale>Ukrainian</locale>
        </locales>
        <logs>
          <logId>000</logId>
          <logId>001</logId>
          <logId>002</logId>
          <logId>003</logId>
          <logId>004</logId>
        </logs>
      </driver>
    </drivers>
    <logs>
      <log id="000">
        <path>C:\Dev\Development\ThirdPartyReleases\Microsoft\WHQL\USBXpress\3.3\Submission_Files\DTM_Logs\USBXpress_33_Vista32_Submission_7-26-10.cpk</path>
        <operatingSystem>Windows Vista Client</operatingSystem>
        <category>Device</category>
        <subcategory>Unclassified</subcategory>
        <qualificationLevel>Unclassified</qualificationLevel>
      </log>
      <log id="001">
        <path>C:\Dev\Development\ThirdPartyReleases\Microsoft\WHQL\USBXpress\3.3\Submission_Files\DTM_Logs\USBXpress_33_Vista64_Submission_7-26-10.cpk</path>
        <operatingSystem>Windows Vista Client x64</operatingSystem>
        <category>Device</category>
        <subcategory>Unclassified</subcategory>
        <qualificationLevel>Unclassified</qualificationLevel>
      </log>
      <log id="002">
        <path>C:\Dev\Development\ThirdPartyReleases\Microsoft\WHQL\USBXpress\3.3\Submission_Files\DTM_Logs\USBXpress_33_Win732_Submission_7-26-10.cpk</path>
        <operatingSystem>Windows 7 Client</operatingSystem>
        <category>Device</category>
        <subcategory>Unclassified</subcategory>
        <qualificationLevel>Unclassified</qualificationLevel>
      </log>
      <log id="003">
        <path>C:\Dev\Development\ThirdPartyReleases\Microsoft\WHQL\USBXpress\3.3\Submission_Files\DTM_Logs\USBXpress_33_Win764_Submission_7-26-10.cpk</path>
        <operatingSystem>Windows 7 Client x64</operatingSystem>
        <category>Device</category>
        <subcategory>Unclassified</subcategory>
        <qualificationLevel>Unclassified</qualificationLevel>
      </log>
      <log id="004">
        <path>C:\Dev\Development\ThirdPartyReleases\Microsoft\WHQL\USBXpress\3.3\Submission_Files\DTM_Logs\USBXpress_33_XP_Submission_7-26-10.cpk</path>
        <operatingSystem>Windows XP</operatingSystem>
        <category>Device</category>
        <subcategory>Unclassified</subcategory>
        <qualificationLevel>Unclassified</qualificationLevel>
      </log>
    </logs>
  </submissionDetails>
</wqReady>