Name,Inclusive Samples,Exclusive Samples,Inclusive Samples %,Exclusive Samples %,Module Name,Module Path,Source File,Function Line Number,Process Name,Process ID,
"CFGMGR32.dll",1,1,0.07,0.07,"CFGMGR32.dll","C:\Windows\syswow64\CFGMGR32.dll","",0,"QCOM.exe",7712,
"clr.dll",429,52,29.18,3.54,"clr.dll","C:\Windows\Microsoft.NET\Framework\v4.0.30319\clr.dll","",0,"QCOM.exe",7712,
"clrjit.dll",84,76,5.71,5.17,"clrjit.dll","C:\Windows\Microsoft.NET\Framework\v4.0.30319\clrjit.dll","",0,"QCOM.exe",7712,
"cryptsp.dll",2,2,0.14,0.14,"cryptsp.dll","C:\Windows\system32\cryptsp.dll","",0,"QCOM.exe",7712,
"DEVOBJ.dll",1,0,0.07,0.00,"DEVOBJ.dll","C:\Windows\syswow64\DEVOBJ.dll","",0,"QCOM.exe",7712,
"GDI32.dll",5,4,0.34,0.27,"GDI32.dll","C:\Windows\syswow64\GDI32.dll","",0,"QCOM.exe",7712,
"gdiplus.dll",1186,825,80.68,56.12,"gdiplus.dll","C:\Windows\WinSxS\x86_microsoft.windows.gdiplus_6595b64144ccf1df_1.1.7601.18120_none_72d2e82386681b36\gdiplus.dll","",0,"QCOM.exe",7712,
"KERNEL32.dll",21,15,1.43,1.02,"KERNEL32.dll","C:\Windows\syswow64\KERNEL32.dll","",0,"QCOM.exe",7712,
"KERNELBASE.dll",23,10,1.56,0.68,"KERNELBASE.dll","C:\Windows\syswow64\KERNELBASE.dll","",0,"QCOM.exe",7712,
"LPK.dll",23,1,1.56,0.07,"LPK.dll","C:\Windows\syswow64\LPK.dll","",0,"QCOM.exe",7712,
"mdnsNSP.dll",1,0,0.07,0.00,"mdnsNSP.dll","C:\Program Files (x86)\Bonjour\mdnsNSP.dll","",0,"QCOM.exe",7712,
"MSCOREE.DLL",1457,0,99.12,0.00,"MSCOREE.DLL","C:\Windows\SYSTEM32\MSCOREE.DLL","",0,"QCOM.exe",7712,
"mscoreei.dll",402,0,27.35,0.00,"mscoreei.dll","C:\Windows\Microsoft.NET\Framework\v4.0.30319\mscoreei.dll","",0,"QCOM.exe",7712,
"mscorlib.ni.dll",18,6,1.22,0.41,"mscorlib.ni.dll","C:\Windows\assembly\NativeImages_v4.0.30319_32\mscorlib\ce5f61c5754789df97be8dc991c47d07\mscorlib.ni.dll","",0,"QCOM.exe",7712,
"MSVCR100.dll",1,0,0.07,0.00,"MSVCR100.dll","C:\Windows\system32\MSVCR100.dll","",0,"QCOM.exe",7712,
"MSVCR110_CLR0400.dll",4,1,0.27,0.07,"MSVCR110_CLR0400.dll","C:\Windows\system32\MSVCR110_CLR0400.dll","",0,"QCOM.exe",7712,
"msvcrt.dll",70,68,4.76,4.63,"msvcrt.dll","C:\Windows\syswow64\msvcrt.dll","",0,"QCOM.exe",7712,
"ntdll.dll",27,21,1.84,1.43,"ntdll.dll","C:\Windows\SysWOW64\ntdll.dll","",0,"QCOM.exe",7712,
"ole32.dll",4,1,0.27,0.07,"ole32.dll","C:\Windows\syswow64\ole32.dll","",0,"QCOM.exe",7712,
"OLEAUT32.dll",2,0,0.14,0.00,"OLEAUT32.dll","C:\Windows\syswow64\OLEAUT32.dll","",0,"QCOM.exe",7712,
"QCOM.exe",401,1,27.28,0.07,"QCOM.exe","G:\Noji\Progs\VC\QCOM\Current\QCOM\Debug\QCOM.exe","",0,"QCOM.exe",7712,
"qdUSB.dll",8,2,0.54,0.14,"qdUSB.dll","G:\Noji\Progs\VC\QCOM\Current\QCOM\Debug\qdUSB.dll","",0,"QCOM.exe",7712,
"SamplingRuntime.dll",1,0,0.07,0.00,"SamplingRuntime.dll","C:\Program Files (x86)\Microsoft Visual Studio 10.0\Team Tools\Performance Tools\SamplingRuntime.dll","",0,"QCOM.exe",7712,
"SETUPAPI.dll",2,0,0.14,0.00,"SETUPAPI.dll","C:\Windows\syswow64\SETUPAPI.dll","",0,"QCOM.exe",7712,
"SiUSBXp.dll",6,1,0.41,0.07,"SiUSBXp.dll","G:\Noji\Progs\VC\QCOM\Current\QCOM\Debug\SiUSBXp.dll","",0,"QCOM.exe",7712,
"System.Drawing.ni.dll",205,4,13.95,0.27,"System.Drawing.ni.dll","C:\Windows\assembly\NativeImages_v4.0.30319_32\System.Drawing\5cd2aee5e7c07227c694d89219688ab3\System.Drawing.ni.dll","",0,"QCOM.exe",7712,
"System.ni.dll",3,2,0.20,0.14,"System.ni.dll","C:\Windows\assembly\NativeImages_v4.0.30319_32\System\ff26cc03e6d57d8abd13b990332e67c6\System.ni.dll","",0,"QCOM.exe",7712,
"System.Windows.Forms.dll",235,0,15.99,0.00,"System.Windows.Forms.dll","C:\Windows\Microsoft.Net\assembly\GAC_MSIL\System.Windows.Forms\v4.0_4.0.0.0__b77a5c561934e089\System.Windows.Forms.dll","",0,"QCOM.exe",7712,
"System.Windows.Forms.ni.dll",329,38,22.38,2.59,"System.Windows.Forms.ni.dll","C:\Windows\assembly\NativeImages_v4.0.30319_32\System.Windows.Forms\f4f6ee0df2aa4189bf36e6335cb92761\System.Windows.Forms.ni.dll","",0,"QCOM.exe",7712,
"UNKNOWN",1463,10,99.52,0.68,"UNKNOWN","UNKNOWN","[Unknown]",0,"QCOM.exe",7712,
"USER32.dll",296,15,20.14,1.02,"USER32.dll","C:\Windows\syswow64\USER32.dll","",0,"QCOM.exe",7712,
"USP10.dll",22,20,1.50,1.36,"USP10.dll","C:\Windows\syswow64\USP10.dll","",0,"QCOM.exe",7712,
"uxtheme.dll",2,1,0.14,0.07,"uxtheme.dll","C:\Windows\system32\uxtheme.dll","",0,"QCOM.exe",7712,
"WindowsCodecs.dll",302,292,20.54,19.86,"WindowsCodecs.dll","C:\Windows\system32\WindowsCodecs.dll","",0,"QCOM.exe",7712,
"windowscodecsext.dll",2,1,0.14,0.07,"windowscodecsext.dll","C:\Windows\system32\windowscodecsext.dll","",0,"QCOM.exe",7712,
