ID,Description,Context,
"DA501","(Average)% Processor Time = 19.62; Average CPU consumption by the Process being profiled. ","",
"DA502","(Maximum)% Processor Time = 77.00; This rule is for information only. The Process()\% Processor Time counter measures CPU consumption of the process you are profiling. The value reported is the maximum observed over all measurement intervals. ","",
"DA503","(Average)Working Set = 234,567,452.44; This information was gathered for information only. The Process Working Set counter measures physical memory usage by the process you are profiling. The value reported is the average computed over all measurement intervals. ","",
"DA504","(Maximum)Working Set = 975,163,392.00; This rule is for information only. The Process Working Set counter measures physical memory usage by the process you are profiling. The value reported is the maximum observed over all measurement intervals. ","",
"DA505","(Average)Private Bytes = 451,726,631.82; This information was gathered for information only. The Process Private Bytes counter measures virtual memory allocated by the process you are profiling that cannot be shared with other processes. The value reported is the average computed over all measurement intervals. ","",
"DA506","(Maximum)Private Bytes = 1,211,015,168.00; This rule is for information only. The Process Private Bytes counter measures virtual memory allocated by the process you are profiling that cannot be shared with other processes. The value reported is the maximum observed over all measurement intervals. ","",
